[{"@type":"mappingTemplate","id":"@1","name":"Mapping_RESTV2","description":"","autoExpireObject":false,"bundleVersion":"0","assetFrsGuid":"5JMn1WKyYgzbAdKuO0Fw25","templateId":"@3","hasParameters":false,"valid":true,"fixedConnection":true,"hasParametersDeployed":false,"fixedConnectionDeployed":false,"isSchemaValidationEnabled":false,"tasks":0,"mappingPreviewFileRecordId":"@2","documentType":"MAPPING","references":[{"@type":"reference","refObjectId":"@epSJPcje1ekgkM5TI51WoV","refType":"connection"},{"@type":"reference","refObjectId":"@ccejfo6G7mWe9b21H9oH8O","refType":"connection"}]}]